altitude,SR,FPS_mean,FPS_std,runtime_mean,runtime_std,PeakReservedGB_mean,PeakReservedGB_std,rmse_mean,rmse_std
DPVO_10m_mono,1.000000,55.825587,1.961784,43.553684,9.960605,2.641927,0.150274,1.635043,3.234473
DPVO_20m_mono,1.000000,57.121758,2.538247,42.998891,9.370377,2.519532,0.260841,1.109383,1.749732
DPVO_30m_mono,1.000000,58.146914,3.137068,41.289910,8.579732,2.641927,0.150274,0.974540,1.546177
DROID-SLAM_10m_mono,1.000000,35.535578,7.956751,69.551729,14.972428,14.896469,1.077961,1.688712,2.530540
DROID-SLAM_10m_rgbd,1.000000,29.908333,6.268744,82.274545,17.118100,14.728260,0.827375,2.577340,5.183646
DROID-SLAM_20m_mono,1.000000,41.635643,8.049774,59.278754,10.749454,14.537729,0.684691,1.779539,2.854437
DROID-SLAM_20m_rgbd,1.000000,33.702524,5.906902,73.020618,13.258371,14.766081,1.016062,1.700646,2.243948
DROID-SLAM_30m_mono,1.000000,44.117733,7.228288,54.640277,10.189701,15.050890,0.920790,0.968389,1.947631
DROID-SLAM_30m_rgbd,1.000000,35.267067,5.327356,68.253316,12.743049,14.778232,0.714890,1.205198,1.570520
DSO_10m_mono,0.972222,56.469835,15.233384,42.726372,9.619578,0.157862,0.001979,11.875097,15.659436
DSO_20m_mono,1.000000,97.408869,123.283204,36.245878,12.011125,0.157291,0.002264,3.421963,5.968020
DSO_30m_mono,1.000000,67.979734,10.582435,35.266281,7.465690,0.157481,0.005539,2.836665,5.057959
ElasticFusion_10m_rgbd,1.000000,28.784778,8.479210,202.666667,539.748003,1.579761,0.010802,24.146747,12.575345
ElasticFusion_20m_rgbd,1.000000,28.659738,14.762838,426.705190,845.286114,1.578393,0.010275,26.393587,13.936431
ElasticFusion_30m_rgbd,1.000000,48.185978,14.912647,223.182578,663.284683,1.582731,0.009304,26.252650,16.788267
MongGS_10m_mono,0.955556,2.479889,0.388817,899.663191,238.635458,2.176512,0.498331,31.221898,13.872972
MongGS_20m_mono,1.000000,2.782178,0.450201,819.526182,205.943663,1.702738,0.522481,29.746455,13.738685
MongGS_30m_mono,1.000000,3.176304,0.486264,716.468931,170.862676,1.422400,0.486543,25.332402,13.114195
ORB-SLAM2_10m_mono,1.000000,21.398422,1.120884,113.590444,25.914794,0.619462,0.128621,5.572316,10.366793
ORB-SLAM2_10m_rgbd,1.000000,19.737311,1.532064,123.849222,29.497509,0.778067,0.535331,17.923240,17.239573
ORB-SLAM2_20m_mono,0.928571,20.971692,1.300871,115.715821,25.587808,0.547921,0.112919,8.119707,15.155293
ORB-SLAM2_20m_rgbd,1.000000,19.669310,1.278366,124.661929,25.913060,0.669895,0.264948,26.792989,18.146372
ORB-SLAM2_30m_mono,0.933333,20.776429,1.357675,114.731214,26.133046,0.518762,0.082422,10.311242,19.021476
ORB-SLAM2_30m_rgbd,1.000000,19.490200,1.241670,123.737600,27.294557,0.627103,0.249433,32.552367,18.412554
ORB-SLAM3_10m_mono,0.822222,22.036842,1.187469,107.298421,26.278225,3.304484,0.358036,6.949840,13.270827
ORB-SLAM3_10m_rgbd,0.844444,20.966750,1.226058,116.378250,26.810590,3.238568,0.409034,7.814449,13.447854
ORB-SLAM3_20m_mono,0.976190,21.804762,1.340876,112.769286,24.871402,3.243215,0.293017,9.124396,16.526788
ORB-SLAM3_20m_rgbd,0.976190,20.671951,1.301319,119.077073,26.338459,3.144639,0.305591,12.062128,17.757761
ORB-SLAM3_30m_mono,1.000000,21.501556,1.264372,112.020000,24.664709,3.166679,0.293236,5.645580,14.766019
ORB-SLAM3_30m_rgbd,0.977778,20.384444,1.208204,118.249556,25.771489,3.152718,0.509067,8.976048,16.066775
Photo-slam_10m_mono,0.844444,20.057995,1.109075,119.459890,29.131688,5.355880,1.688583,10.490102,16.694083
Photo-slam_10m_rgbd,0.955556,19.099780,1.088741,126.752286,28.621541,4.835483,1.717870,7.856092,13.070310
Photo-slam_20m_mono,0.857143,19.884820,1.023307,121.877479,28.176017,4.491482,1.646042,7.809916,14.145926
Photo-slam_20m_rgbd,1.000000,19.047033,1.120310,128.870424,27.080676,3.428013,1.372012,13.557747,19.062607
Photo-slam_30m_mono,0.933333,19.824054,1.063913,119.523939,26.283604,3.493629,1.305269,3.419531,8.596983
Photo-slam_30m_rgbd,1.000000,18.813100,1.072369,127.921945,27.173115,2.770616,1.642145,10.483766,18.217107
SGS-SLAM_10m_semantic,0.733333,0.621758,0.230553,4726.073415,2714.535241,10.826464,4.960117,45.086177,45.612152
SGS-SLAM_20m_semantic,0.857143,0.755867,0.100981,3520.413761,732.956042,7.342664,1.323967,37.696977,52.617977
SGS-SLAM_30m_semantic,0.977778,0.698211,0.134419,3567.000455,851.744698,7.201923,1.492623,67.695556,79.006453
SLAM3R_10m_mono,1.000000,10.982155,0.215911,222.749921,54.658122,30.036241,0.299293,39.100435,20.036893
SLAM3R_20m_mono,1.000000,11.064527,0.303085,223.485121,53.559055,30.033064,0.352551,28.453650,14.129002
SLAM3R_30m_mono,1.000000,10.954069,0.289673,221.148052,52.424260,29.980122,0.342809,25.877712,15.286304
SVO_10m_mono,1.000000,84.304445,36.203395,17.533388,5.963869,0.186075,0.005763,12.511631,9.558857
SVO_20m_mono,1.000000,99.028933,30.158904,19.107814,5.465888,0.188170,0.007704,7.474591,8.045716
SVO_30m_mono,1.000000,112.661616,10.047341,20.416280,4.596017,0.192766,0.011193,9.018930,9.323728
SplaTAM_10m_rgbd,0.433333,0.162308,0.040240,16288.566923,7326.885815,5.434645,2.532995,28.866568,33.231519
SplaTAM_20m_rgbd,0.821429,0.161304,0.036345,15068.475217,3700.098863,4.182914,0.897856,11.577983,27.428381
SplaTAM_30m_rgbd,0.966667,0.160690,0.032834,14458.872759,4141.525330,4.415544,2.905124,19.373940,29.654556
TartanVO_10m_mono,1.000000,24.252844,3.672789,106.108958,44.342556,0.324219,0.000000,35.548358,17.564837
TartanVO_20m_mono,1.000000,24.380214,1.696810,101.994921,26.040918,0.324219,0.000000,33.942911,15.774299
TartanVO_30m_mono,1.000000,25.073822,0.713791,96.456378,22.846543,0.324219,0.000000,30.559191,15.160905
VGGT-LONG_10m_mono,1.000000,2.266709,0.242338,1085.578253,273.706682,24.247440,0.097357,14.269635,9.458565
VGGT-LONG_20m_mono,1.000000,2.303702,0.293546,1092.570643,295.580088,24.244743,0.100301,12.720379,9.324338
VGGT-LONG_30m_mono,1.000000,2.314522,0.284547,1053.940009,255.769070,24.266320,0.071441,12.901914,6.640064
VGGT-SLAM_10m_mono,0.622222,69.671579,16.530041,37.632789,6.566901,17.558929,1.205707,37.483422,20.534374
VGGT-SLAM_20m_mono,0.714286,76.113380,18.056900,33.598473,5.152732,18.220000,1.460999,30.773919,22.563208
VGGT-SLAM_30m_mono,0.711111,78.038150,18.109383,32.374853,5.248922,18.003438,1.073149,24.276040,21.627312
hierslam_10m_rgbd_500,1.000000,2.655332,0.752110,212.815120,94.456456,1.919271,1.272010,13.584005,15.170857
hierslam_10m_rgbd_whole,0.833333,1.235186,1.014769,3525.276607,2588.472189,14.711299,9.658632,41.926922,26.671345
hierslam_10m_semantic_500,0.800000,0.847567,0.087708,595.928750,63.715161,4.461518,3.368773,11.404107,14.736164
hierslam_20m_rgbd_500,1.000000,3.032264,0.287008,166.343526,16.585691,1.185407,0.245368,7.987296,9.465181
hierslam_20m_rgbd_whole,0.928571,2.025251,1.036907,1693.094863,1224.692501,8.199580,6.650706,35.531355,33.603814
hierslam_20m_semantic_500,1.000000,0.820293,0.121557,625.579414,119.335826,3.279366,2.287662,6.817533,8.952971
hierslam_30m_rgbd_500,1.000000,3.021416,0.312150,167.615103,22.320613,1.204818,0.427321,5.349650,8.465017
hierslam_30m_rgbd_whole,0.966667,2.170622,0.891952,1431.864472,1185.180545,6.539193,5.401650,35.578500,26.546377
hierslam_30m_semantic_500,1.000000,0.796780,0.059882,630.910873,48.279297,2.676590,0.771486,6.628402,11.443731
