speed,SR,FPS_mean,FPS_std,runtime_mean,runtime_std,PeakReservedGB_mean,PeakReservedGB_std,rmse_mean,rmse_std
hierslam_2m/s_rgbd_500,1.000000,3.120139,0.159437,160.655253,8.522374,1.027995,0.083430,0.999149,2.527500
hierslam_4m/s_rgbd_500,1.000000,3.042876,0.517829,173.574048,59.427911,1.340402,0.855240,4.754256,6.532305
hierslam_8m/s_rgbd_500,1.000000,2.546705,0.597110,213.026483,78.849931,1.951432,1.033690,20.952010,11.710696
hierslam_2m/s_rgbd_whole,1.000000,2.529987,0.872645,1646.216861,1769.176960,6.388281,7.206959,11.990033,12.836737
hierslam_4m/s_rgbd_whole,0.892857,2.062167,0.886986,1944.824819,1749.383656,8.030625,7.013300,43.055569,21.181163
hierslam_8m/s_rgbd_whole,0.833333,0.886094,0.567336,2960.166812,2189.203264,14.563982,7.766084,62.706983,24.158758
hierslam_2m/s_semantic_500,1.000000,0.830840,0.082382,607.334233,60.110098,2.235432,0.305645,1.038082,2.623425
hierslam_4m/s_semantic_500,0.928571,0.860438,0.075323,585.388362,53.194706,2.568217,0.475646,4.406085,6.788511
hierslam_8m/s_semantic_500,0.866667,0.766023,0.100051,665.604438,108.795823,5.590761,3.253515,19.913110,13.107617
