dataset,FPS,runtime,PeakReservedGB,rmse
building25fps_1,0.7042,6435.4355,12.1367,80.222383
building25fps_2,0.6999,6475.4512,12.6641,82.012022
building25fps_3,0.6887,6580.533,14.2812,85.112214
cross_building_high_high_1,0.3938,6131.8092,12.4395,132.601409
cross_building_high_high_2,0.6778,3562.9908,6.5117,97.535368
cross_building_high_high_3,0.5894,4097.3266,8.8555,103.2964
cross_building_high_low_1,NA,NA,NA,NA
cross_building_high_low_2,NA,NA,NA,NA
cross_building_high_low_3,NA,NA,NA,NA
cross_building_high_medium_1,0.5944,4100.0942,12.1465,104.003937
cross_building_high_medium_2,NA,NA,NA,NA
cross_building_high_medium_3,0.4185,5823.0923,10.582,179.40941
cross_building_low_high_1,0.7341,3896.1055,7.3242,0.289211
cross_building_low_high_2,0.7319,3907.8941,6.9043,0.2481
cross_building_low_high_3,0.7238,3951.1004,7.3105,0.259986
cross_building_low_low_1,0.768,3955.8983,8.8809,23.628638
cross_building_low_low_2,0.7776,3907.1437,8.4844,8.621581
cross_building_low_low_3,0.7984,3805.2317,8.0195,8.241876
cross_building_low_medium_1,0.8008,3834.6841,7.3594,1.357984
cross_building_low_medium_2,0.8053,3813.4974,7.3574,1.169014
cross_building_low_medium_3,0.8045,3817.1556,7.3848,1.380685
cross_building_medium_high_1,0.8104,3456.4867,6.7832,58.628983
cross_building_medium_high_2,0.8093,3461.1442,6.998,45.285848
cross_building_medium_high_3,0.8045,3481.847,7.3359,50.064198
cross_building_medium_low_1,0.2358,12992.1627,25.8965,91.061072
cross_building_medium_low_2,NA,NA,NA,NA
cross_building_medium_low_3,0.3404,9001.6149,21.1953,160.14571
cross_building_medium_medium_1,0.7741,3651.7695,7.2988,37.663269
cross_building_medium_medium_2,0.8034,3518.8979,7.252,37.184129
cross_building_medium_medium_3,0.8178,3456.9561,7.2559,59.606428
houses_high_high_1,0.5596,3572.3745,7.6016,305.535541
houses_high_high_2,0.6609,3024.5406,7.9473,284.092557
houses_high_high_3,0.5288,3780.1697,11.2578,304.815971
houses_high_low_1,0.6599,2942.8122,8.7383,85.176245
houses_high_low_2,0.4075,4765.6928,10.9746,93.287367
houses_high_low_3,NA,NA,NA,NA
houses_high_medium_1,NA,NA,NA,NA
houses_high_medium_2,NA,NA,NA,NA
houses_high_medium_3,0.7585,2495.6887,8.1074,192.971063
houses_low_high_1,0.8008,3380.5442,6.1719,85.937748
houses_low_high_2,0.409,6619.0263,10.7578,167.304142
houses_low_high_3,0.6743,4014.2828,7.0566,129.732692
houses_low_low_1,0.6429,4330.1354,10.498,11.126533
houses_low_low_2,0.6537,4258.8576,9.0527,13.671023
houses_low_low_3,0.6612,4210.3628,9.5664,11.197354
houses_low_medium_1,0.7597,3598.9521,6.7031,7.525301
houses_low_medium_2,0.7662,3568.0696,6.5664,11.681823
houses_low_medium_3,0.7651,3573.4718,6.5957,8.131613
houses_medium_high_1,0.8238,2904.7489,6.1191,78.36801
houses_medium_high_2,0.7826,3057.583,5.9629,18.568437
houses_medium_high_3,0.7909,3025.6222,6.0312,19.01454
houses_medium_low_1,0.6396,4368.2164,10.0098,15.329365
houses_medium_low_2,0.6432,4344.1152,9.627,14.382074
houses_medium_low_3,0.6616,4223.1811,10.8984,14.501637
houses_medium_medium_1,0.797,3304.6909,6.3828,9.265389
houses_medium_medium_2,0.8016,3285.8791,6.3809,11.12435
houses_medium_medium_3,0.8028,3281.1032,6.3809,10.590711
pool_high_high_1,0.6799,3477.1433,6.4922,134.139823
pool_high_high_2,0.8233,2871.3834,6.6836,98.007913
pool_high_high_3,0.7209,3279.1818,7.832,86.187551
pool_high_low_1,0.4122,5780.8025,13.1855,145.016917
pool_high_low_2,NA,NA,NA,NA
pool_high_low_3,0.7007,3400.7963,11.7832,113.120151
pool_high_medium_1,0.7577,3179.3216,6.8652,84.439273
pool_high_medium_2,0.6097,3950.8571,10.9922,100.925674
pool_high_medium_3,0.7621,3161.0554,8.1406,99.819274
pool_low_high_1,0.8708,3171.6669,6.3906,2.337258
pool_low_high_2,0.8753,3155.4604,6.3633,2.172478
pool_low_high_3,0.8789,3142.5286,6.3809,2.250114
pool_low_low_1,0.8279,3260.0162,6.8242,1.109634
pool_low_low_2,0.8352,3231.4269,6.7344,1.144215
pool_low_low_3,0.8444,3196.3827,6.6934,1.019142
pool_low_medium_1,0.7923,3529.091,7.0957,0.68568
pool_low_medium_2,0.8031,3481.6007,6.9824,0.70126
pool_low_medium_3,0.8162,3425.4404,6.998,0.60983
pool_medium_high_1,0.8769,3381.1807,6.9727,16.707902
pool_medium_high_2,0.8844,3352.4338,7.0332,18.129901
pool_medium_high_3,0.879,3373.0043,6.9395,15.572191
pool_medium_low_1,0.8451,3430.2355,8.7148,11.854012
pool_medium_low_2,0.8472,3421.6694,8.7461,25.760775
pool_medium_low_3,0.8392,3454.2999,8.877,10.029282
pool_medium_medium_1,0.838,3238.7235,6.5703,3.827583
pool_medium_medium_2,0.8467,3205.4855,6.5605,3.367436
pool_medium_medium_3,0.8444,3214.0869,6.5293,3.495666
road25fps_1,0.9431,2004.0912,4.7461,2.359222
road25fps_2,0.9459,1998.1613,4.7207,2.721694
road25fps_3,0.948,1993.6002,4.7578,2.662217
road2_high_high_1,0.6533,2346.5217,5.7969,49.794072
road2_high_high_2,0.7469,2052.476,6.0527,53.62657
road2_high_high_3,0.4892,3133.662,9.4219,126.949763
road2_high_low_1,NA,NA,NA,NA
road2_high_low_2,NA,NA,NA,NA
road2_high_low_3,NA,NA,NA,NA
road2_high_medium_1,0.7782,1962.2759,5.3574,51.854953
road2_high_medium_2,0.6949,2197.5037,7.0801,120.856838
road2_high_medium_3,0.6962,2193.3514,7.5,118.095047
road2_low_high_1,0.7473,3583.6264,6.1855,0.458333
road2_low_high_2,0.7537,3552.9221,6.1465,0.51479
road2_low_high_3,0.7523,3559.8211,6.1914,0.46786
road2_low_low_1,0.8833,3020.6585,6.4141,16.619088
road2_low_low_2,0.8868,3008.5876,6.541,15.504442
road2_low_low_3,0.8859,3011.7774,6.5488,14.888177
road2_low_medium_1,0.811,3341.4922,6.4922,1.756309
road2_low_medium_2,0.8184,3311.4534,6.4414,1.435842
road2_low_medium_3,0.8221,3296.5151,6.5625,1.583394
road2_medium_high_1,0.7794,3892.7083,7.5039,50.842426
road2_medium_high_2,0.7722,3928.8713,7.4062,60.783876
road2_medium_high_3,0.7525,4032.0984,7.6855,12.95017
road2_medium_low_1,NA,NA,NA,NA
road2_medium_low_2,NA,NA,NA,NA
road2_medium_low_3,0.2007,14974.6921,13.8438,73.783342
road2_medium_medium_1,0.8277,3590.8877,7.668,27.84665
road2_medium_medium_2,0.8532,3483.2899,7.666,30.329575
road2_medium_medium_3,0.8557,3473.2487,7.3105,24.342899
roundabout25fps_1,0.8789,3704.622,7.4434,0.425125
roundabout25fps_2,0.8636,3770.2705,7.4629,0.443827
roundabout25fps_3,0.8593,3788.9452,7.457,0.408515
roundabout2_high_high_1,0.4368,2435.689,9.8945,131.696133
roundabout2_high_high_2,NA,NA,NA,NA
roundabout2_high_high_3,0.6251,1702.0447,5.1836,110.18754
roundabout2_high_low_1,0.2305,4602.1741,12.7812,109.446387
roundabout2_high_low_2,0.2361,4494.281,21.6816,109.467877
roundabout2_high_low_3,0.1597,6645.3331,22.291,93.52199
roundabout2_high_medium_1,NA,NA,NA,NA
roundabout2_high_medium_2,NA,NA,NA,NA
roundabout2_high_medium_3,NA,NA,NA,NA
roundabout2_low_high_1,0.5916,4516.473,6.707,0.802584
roundabout2_low_high_2,0.5939,4499.1248,6.6016,0.78148
roundabout2_low_high_3,0.5918,4514.9673,6.5645,0.773683
roundabout2_low_low_1,0.681,3400.6683,7.2051,40.380196
roundabout2_low_low_2,0.6844,3384.0063,7.8828,38.144735
roundabout2_low_low_3,0.6961,3326.9333,7.082,41.174893
roundabout2_low_medium_1,0.5614,4875.1707,7.1133,2.411037
roundabout2_low_medium_2,0.5708,4795.0128,7.209,2.872092
roundabout2_low_medium_3,0.5817,4705.0293,7.4473,2.769756
roundabout2_medium_high_1,0.5464,3557.6753,5.9863,44.194522
roundabout2_medium_high_2,0.5431,3579.3885,6.375,32.765019
roundabout2_medium_high_3,0.5507,3530.3702,6.7246,43.931365
roundabout2_medium_low_1,0.3161,6482.3442,10.0449,18.82002
roundabout2_medium_low_2,0.6157,3327.9126,11.5566,56.668077
roundabout2_medium_low_3,NA,NA,NA,NA
roundabout_square25fps_1,0.6959,3636.7814,6.4746,65.124778
roundabout_square25fps_2,0.5891,4296.2391,9.4121,79.249787
roundabout_square25fps_3,0.5112,4950.7711,10.9199,84.730067
