dataset,FPS,runtime,PeakReservedGB,max,min,mean,median,rmse,sse,std
building25fps_1,90.934509,49.827069,0.15833282421875,134.99900503927012,1.1632479160724913,41.83731443564202,34.70433855473283,48.578821045391706,1928039.814848877,24.68888363157419
building25fps_2,NA,NA,NA,NA,NA,NA,NA,NA,NA,NA
building25fps_3,102.775155,44.086531,0.153202056640625,96.7670667527295,7.629723198214854,51.295589623667645,58.006881762740946,55.81607875365087,2545310.1069533788,22.00447983011721
cross_building_high_high_1,49.971611,48.307428,0.155941009765625,4.5895694968914915,0.8229060233762088,2.348319336608791,2.3923388718490695,2.5060879258301565,4076.0293731026113,0.8751416944135081
cross_building_high_high_2,50.786903,47.53194,0.155677794921875,4.7504691829324255,0.8513459381568287,2.3485009334742752,2.4036351291381,2.507537374792457,4080.7456522017,0.8787986410159636
cross_building_high_high_3,50.847087,47.47568,0.1559944150390625,4.456496103399657,0.7412854603064356,2.2883484428377368,2.3482583550700977,2.444790892719578,3879.0746284218594,0.8605021285776676
cross_building_high_low_1,NA,NA,NA,NA,NA,NA,NA,NA,NA,NA
cross_building_high_low_2,113.913321,21.45491,0.1593513486328125,14.198174408335388,0.2100640233142528,1.579827675931914,1.0790157566412457,2.3796332443348494,1891.326562099563,1.7795501937015343
cross_building_high_low_3,59.316332,41.202818,0.158229828125,53.91848017611547,2.635503718503598,20.82004994805824,16.055759711489973,25.48755363802944,316362.6951498453,14.701731551480178
cross_building_high_medium_1,45.012991,54.117711,0.15811538671875,5.201194207490369,0.9537721133763182,2.3449572238618592,2.310252488274698,2.501426927008919,4092.167382942096,0.8708112823243422
cross_building_high_medium_2,45.597231,53.424297,0.15795135546875,5.347720965732319,0.9986916167982698,2.3768386893116773,2.3561582689406517,2.5296522002728925,4185.037726341948,0.865897279899085
cross_building_high_medium_3,45.581422,53.442826,0.1587944033203125,5.451743926876254,0.9963421551313529,2.3705350669336775,2.2913383025052054,2.5260641994700768,4173.174222258238,0.872676249408764
cross_building_low_high_1,76.225664,37.507053,0.157257080078125,0.748033175918087,0.008865533827071139,0.14591241334754623,0.12645970813063326,0.17673619556580736,23.020698240606496,0.09972587655252828
cross_building_low_high_2,79.602275,35.916059,0.1570587158203125,0.849377075573512,0.01855887762514023,0.14965059082659185,0.12320865314710949,0.18792967221445642,26.029042971892544,0.11367612926153411
cross_building_low_high_3,78.860871,36.253721,0.1570777890625,0.6931452941053031,0.001949216106108495,0.14472848843812713,0.1187072722653294,0.17287407741938354,22.02557417633542,0.0945468734439057
cross_building_low_low_1,70.545974,43.049941,0.153770447265625,68.88997002649063,2.997018357517003,19.370896744412633,16.036062160978297,23.920104472364386,442860.6620278718,14.033522625703448
cross_building_low_low_2,72.142496,42.097241,0.153968810546875,108.50988184280405,9.77704940687716,24.85441005502321,21.912997346204826,28.760385488324125,640221.6646402418,14.4712844714547
cross_building_low_low_3,70.667288,42.976037,0.1561470029296875,66.2027032464912,6.762712229315497,21.37060607515916,18.10615295268629,24.379398598942164,460030.8288596838,11.732530503965183
cross_building_low_medium_1,69.033613,44.47109,0.15625762890625,1.3531099806604674,0.021276885373963408,0.21936009414344337,0.18265815004701613,0.28378239764680085,62.895842836264436,0.18003776912511069
cross_building_low_medium_2,71.851765,42.726856,0.15597152734375,1.2081153562179296,0.04355147013810951,0.262531545930344,0.23399692494264387,0.3035021115334785,71.9406682618237,0.15228499301212753
cross_building_low_medium_3,71.340443,43.033094,0.1572113037109375,1.3128201761342013,0.03300274066704454,0.23941644009745625,0.20887791561753385,0.29155667981086636,66.38913738056445,0.16638829812639225
cross_building_medium_high_1,62.386714,44.881351,0.1563224794921875,2.7042636534100777,0.07913037447863505,1.1372923250542917,1.1534854359074236,1.2428040058102627,1122.8964263157918,0.5011266947894899
cross_building_medium_high_2,63.859069,43.846552,0.1571235654296875,2.730580750901332,0.07967419108447897,1.133815982870213,1.1433217245505913,1.243853702081071,1124.7940673954313,0.5115010744552148
cross_building_medium_high_3,64.716941,43.265333,0.155799865234375,2.8395323931797605,0.047730668924342745,1.1762147325238872,1.2035735206532172,1.2880397498719987,1206.126730800983,0.5249431400104976
cross_building_medium_low_1,NA,NA,NA,NA,NA,NA,NA,NA,NA,NA
cross_building_medium_low_2,NA,NA,NA,NA,NA,NA,NA,NA,NA,NA
cross_building_medium_low_3,NA,NA,NA,NA,NA,NA,NA,NA,NA,NA
cross_building_medium_medium_1,512.556167,5.515493,0.1532516484375,4.687777378488418,0.1949437073111761,1.7667326329767077,1.8123472610765865,2.0377598250573694,876.1701370743644,1.015441238178277
cross_building_medium_medium_2,512.501827,5.516078,0.15304183984375,5.933569121203997,0.18828744301567826,1.981044557571929,2.0764194572015287,2.2774927502325797,1094.4513509733736,1.1235816340064482
cross_building_medium_medium_3,525.180655,5.38291,0.155738830078125,6.108673167742737,0.21734872342628256,2.183087855414098,2.2741448774316324,2.5417662159406222,1363.18142976089,1.301807555685779
houses_high_high_1,56.248901,35.520694,0.15746307421875,6.249271162085665,0.4223120430606973,3.0145831411328574,2.910186135395948,3.1270699061062968,5534.668467884414,0.8311766857132123
houses_high_high_2,57.087991,34.998604,0.1568756103515625,6.106973571396255,0.6681073480573507,3.018875278764424,2.929744690208607,3.1315778720767087,5550.637462386356,0.8325695287154756
houses_high_high_3,60.995131,32.756713,0.1562614443359375,6.155567787061883,1.43862526825282,3.0516541727805464,2.9315021442432583,3.1722917169080445,5404.064453856739,0.866511134905067
houses_high_low_1,41.163963,47.152895,0.159210205078125,5.1264791970409265,0.7172816524588825,2.8601852670173886,2.8132836836992188,2.9728918405475535,4905.137672054792,0.8108181879625603
houses_high_low_2,42.092219,46.113035,0.1585426328125,5.141733065015165,0.6617702190086674,2.969881176988341,2.8627168329640558,3.078410424189792,5259.518960567008,0.8101953680012753
houses_high_low_3,42.283527,45.904402,0.159629822265625,5.216218006557599,0.7453871258948856,2.992822290588749,2.8913108550521995,3.09907120957769,5330.354510928495,0.8045229014692096
houses_high_medium_1,46.807988,40.420452,0.158756255859375,5.820996434376767,0.8274322750739647,3.1441464085935578,3.0030771227542354,3.268578399061329,5822.564589191625,0.8932794143707509
houses_high_medium_2,47.418281,39.900223,0.158931732421875,5.802753950105198,0.9275174075411078,3.1660752854841228,3.0290064487526145,3.28403663350855,5877.768652573262,0.8722751268222649
houses_high_medium_3,47.36247,39.947241,0.158809662109375,5.826603971669233,0.9677526272942684,3.165843565964551,3.003447459092763,3.2844519499591827,5879.25541331692,0.874676584476534
houses_low_high_1,74.258166,36.440437,0.1573333740234375,0.9295676566379191,0.02913697106699095,0.35835924906716204,0.3513733342964301,0.3871649703408964,105.9769769811605,0.146544746978822
houses_low_high_2,76.137222,35.541092,0.158992767578125,0.9192646690817607,0.02351086319500947,0.35022232321156654,0.34330709173215396,0.3774989516995728,100.75135918373343,0.14088925742784442
houses_low_high_3,76.526069,35.360499,0.15685272265625,0.9253959621611174,0.020605427997091804,0.34588618437323326,0.340022899695167,0.37414994630049264,98.97164489787971,0.142656685004199
houses_low_low_1,63.547585,43.793953,0.1575660703125,0.9646927189374503,0.0253913219001259,0.39949016480076754,0.3883824783234712,0.4254988799143691,130.89864159246068,0.146481756665594
houses_low_low_2,65.520412,42.475313,0.15753173828125,0.9506384214380216,0.017060118842273465,0.40099509052021626,0.390290683219037,0.42494259315719124,130.55659800743135,0.14063834774997092
houses_low_low_3,65.081,42.762097,0.157649994140625,0.9915190974699795,0.039832276070664745,0.44190698116543053,0.43647221540617426,0.46215478338715604,154.42343267291585,0.13529694676852455
houses_low_medium_1,70.032798,39.024572,0.157745361328125,0.9090220899609636,0.005445970981142666,0.3468141471452363,0.37296192523820565,0.36842043892937826,96.77807093231293,0.1243123773436827
houses_low_medium_2,72.49012,37.701689,0.158119201171875,0.9232236975452064,0.016818072866104424,0.35475994787316684,0.37620025053676026,0.3768071218029174,101.23431182051723,0.1269999465607233
houses_low_medium_3,72.044833,37.934712,0.158348083984375,0.9233481595959451,0.021514957532915813,0.3481953293116654,0.36866029149311846,0.3690197071011398,97.09316303528486,0.12221111600239949
houses_medium_high_1,67.779737,35.290783,0.155765533203125,3.4302575891187512,0.08754541662828222,1.101629016471092,0.9948746002353803,1.2812603041615511,1058.8500387279971,0.6542487883741821
houses_medium_high_2,70.259499,34.045218,0.1558303828125,3.3928961864605953,0.12898175909257759,1.1031070332091246,0.9831803656882259,1.284349912634891,1063.9627802649875,0.6578066367632779
houses_medium_high_3,70.197345,34.075363,0.157081603515625,3.4086022161167207,0.0795604573455291,1.1070535334142304,0.9905193647266558,1.2815430186901628,1059.3173681460044,0.6455888652296932
houses_medium_low_1,50.57483,55.2251,0.16027069140625,2.8958801927389612,0.1725062069334099,1.1150735984875202,1.011585425680591,1.2838929942050887,1195.0763849124583,0.6363898887670988
houses_medium_low_2,51.956878,53.756117,0.1608734130859375,2.9050411861099605,0.22285690777160053,1.1350019327277465,1.0519233237604402,1.2950402174506241,1215.9186444905558,0.6236182947275034
houses_medium_low_3,51.834241,53.883301,0.159339904296875,10.348114796244975,0.5453517469392222,2.832492412701658,2.4744914557624336,3.3507929400382808,8140.164662082529,1.790195536526087
houses_medium_medium_1,60.157582,43.768381,0.15917205859375,2.6659560709595556,0.13734564437506355,1.1950278374321972,1.1570189852976795,1.3780684335034235,1316.0573169410754,0.6862806096493655
houses_medium_medium_2,59.979905,43.898035,0.1606636044921875,2.754895407260482,0.2326836530249989,1.2558485019235708,1.1904800367631456,1.4335274565055465,1424.1156712087964,0.6912637042197317
houses_medium_medium_3,59.786944,44.039716,0.15982437109375,2.7398254721973703,0.18012013749315925,1.2381126401698155,1.1604752387735682,1.4156882188750544,1388.8919812117053,0.6864766735391329
pool_high_high_1,66.014951,35.794922,0.15514373828125,8.216034576980418,1.0995334786181343,3.2122164345069373,2.945628525995495,3.492017731662039,7792.086028636697,1.3696179818203433
pool_high_high_2,67.506269,35.004157,0.1547088623046875,7.430477600974938,1.2953789408772125,2.9820960801236125,2.760293024263489,3.175147821768674,6442.119197962625,1.090259904331871
pool_high_high_3,68.021704,34.738912,0.153926849609375,6.908524000874639,1.5169692518490085,2.997402929073134,2.865467915003386,3.148573570633431,6334.736423472775,0.9638937755142668
pool_high_low_1,44.243701,53.838172,0.1607170107421875,11.348739571612292,1.9934831951256808,4.42565891835715,4.171706214177653,4.6720414035106845,14035.385273343927,1.497168666010584
pool_high_low_2,45.291997,52.592073,0.161075591796875,8.217381257398714,1.9460289593068503,3.859848319178596,3.8564663491547364,4.009446858008714,10336.652020926998,1.0850046359947592
pool_high_low_3,45.188296,52.712764,0.160682677734375,13.277539074756564,2.4397487437049588,4.5747949719555825,4.236400926698282,4.9329874182171185,15646.996610309438,1.845431069657796
pool_high_medium_1,57.44725,41.916715,0.1567535400390625,5.940616327591869,1.3182390499618448,2.73510470512062,2.6235381819810373,2.8671929675958223,5327.0754927032485,0.8602312279021196
pool_high_medium_2,59.370758,40.558687,0.1575431826171875,5.99567144457964,1.171302792658545,2.684727929571938,2.456494435420696,2.8375564618799896,5217.518884983261,0.9186743811238344
pool_high_medium_3,59.439746,40.511613,0.1577873232421875,6.7034336107321035,0.5941503551378496,2.731304369295561,2.5581224926454142,2.94901308325177,5635.447451043192,1.1120497324567327
pool_low_high_1,85.736749,32.203227,0.15345001171875,2.056922534575685,0.5169392170274694,1.0735302510029738,1.008318670217708,1.1330881536943076,919.2643550543403,0.36252112245201196
pool_low_high_2,89.430346,30.873189,0.152557373046875,3.377569445625239,0.6125591524763591,1.5274363500783052,1.4412268825747034,1.7068829819534554,2086.029852082941,0.7618318125031176
pool_low_high_3,89.023815,31.014173,0.1526947021484375,3.0854651375702975,0.47660407033368674,1.2379796190458932,1.0483629016883806,1.3905719831704833,1384.5223553111427,0.6333221164665548
pool_low_low_1,74.586844,36.172599,0.1560821533203125,74.83449258748807,8.804710943493976,25.02076665175742,26.079818010608374,28.30175538390421,565498.4866141077,13.226889051045026
pool_low_low_2,77.433901,34.84262,0.155235291015625,80.04357767252296,7.992564454639432,24.45301002284066,25.360999441797546,28.074815072064318,556465.8403794105,13.792952626376412
pool_low_low_3,76.445907,35.292929,0.154937744140625,105.64645998199072,11.048519192163104,25.969055752139543,26.616511762835096,29.50054314273272,614419.1242756617,13.996077631197352
pool_low_medium_1,85.498494,32.690634,0.1518745419921875,49.83188266568913,3.0370317905098303,21.66985194481744,23.637906904277738,24.77150258946873,444879.8218915406,12.001868905705798
pool_low_medium_2,91.13653,30.668273,0.1530075078125,37.01267714281282,0.41728127603818194,19.662104632088088,21.320685554652773,22.629666736895256,371273.8170516341,11.202832590901451
pool_low_medium_3,92.707343,30.148637,0.1529998779296875,37.44399749413946,0.69154471811255,19.807862365802947,20.87091256714177,22.956253707000645,382067.4485886312,11.603369026174608
pool_medium_high_1,77.279137,38.354465,0.15372085546875,4.823797303489482,0.9900520218925766,2.464661537556197,2.2306180737805614,2.6046526054085692,5149.219332899991,0.8424124287739178
pool_medium_high_2,79.345664,37.355538,0.1537361142578125,5.899025510432692,1.0811001380305898,2.8876199561390745,2.6355320586294524,3.0608937266815612,7111.124438183248,1.0152445000815828
pool_medium_high_3,79.849349,37.119902,0.1559028623046875,4.308891615677121,0.8835000905029159,2.2281265516793862,2.105264694876975,2.362053488363518,4234.68618155471,0.7840591505693884
pool_medium_low_1,56.591245,51.209335,0.158321380859375,16.24891592143685,3.3101997414735935,8.798792938065805,8.709483690028518,9.53241884562732,67786.78875015926,3.667185825877137
pool_medium_low_2,57.671637,50.250004,0.1573638916015625,13.731721130360716,3.50767368253735,8.151374797793384,7.988459480459693,8.706046275977567,56543.25035255929,3.057831039374435
pool_medium_low_3,58.087329,49.890399,0.158229828125,15.011032983476252,2.119122373372036,7.157986934897985,6.831465313840765,7.960115739948175,47269.12817465453,3.482336232071858
pool_medium_medium_1,70.572459,38.442758,0.15848159765625,6.50255186453667,0.49687952719069395,3.411279090703835,3.317644841805101,3.621784048456991,9300.179662803177,1.2167557926652022
pool_medium_medium_2,73.137121,37.094706,0.156822205078125,4.5717357707703155,0.8125126472292747,2.5986956414056794,2.5920408442349823,2.7610304708686964,5404.912086095379,0.9327755487814519
pool_medium_medium_3,72.929623,37.200247,0.1586723330078125,5.578253571091677,0.4195121217813187,2.8702800570040363,2.8410625718835476,3.1131727329780663,6871.517725938909,1.2055442172409225
road25fps_1,64.629391,29.228188,0.1561279296875,0.8074497993032064,0.025684349325851074,0.28030089184301804,0.23013591163846803,0.3208057179640517,55.986471921066304,0.15603755544880676
road25fps_2,65.124854,29.005823,0.155975341796875,0.7619803452205274,0.04628581796718396,0.2726452037798873,0.2093162986928645,0.31192310269233087,52.92903596430644,0.15152760424765546
road25fps_3,64.976327,29.072126,0.156612396484375,0.7553925688282482,0.03321821265355208,0.2610336991848762,0.20030000147620342,0.30173179608350514,49.52688976167119,0.15133897269916133
road2_high_high_1,53.966814,28.387816,0.156394958984375,3.619859479646926,0.048885979547214214,1.068063111204341,0.9364809231571971,1.2876794704488186,784.2900120050606,0.7192771434571332
road2_high_high_2,54.916649,27.896822,0.1559257509765625,3.6573703027363713,0.0910153948322349,1.071825962488529,0.9373237375163761,1.2909848946401528,788.3216651434191,0.7196048251120786
road2_high_high_3,54.984028,27.862637,0.156864166015625,3.526029253047455,0.07426573991281268,1.023445795858301,0.8592440817739676,1.2449457639794808,733.0979488334642,0.7088361292925337
road2_high_low_1,41.330861,35.058548,0.1573982236328125,131.81236373439987,9.356881167067339,46.69345523218612,37.709454083976794,54.15946338858807,1337560.8483901543,27.440275381629146
road2_high_low_2,39.953978,36.266726,0.1601409912109375,10.642020896963034,0.6800851034904389,3.5713927878868006,2.514989594851574,4.128752768322888,7773.249336401865,2.0716546470307406
road2_high_low_3,40.501362,35.776575,0.1588668828125,18.157241995473886,2.027011382844184,8.712211037595733,8.063676850893923,9.851267751758028,44253.64920047342,4.598353526342091
road2_high_medium_1,50.876199,29.994379,0.157047271484375,3.7530867712051905,0.10805162127631862,1.0485894343984472,0.8519809802698914,1.28309772546067,777.0723728948667,0.7394592423861437
road2_high_medium_2,51.847891,29.432248,0.156455994140625,3.728432112286736,0.17143945475329034,1.043457941825375,0.8899256415737735,1.2644306976769637,754.6265149155466,0.7141291990035173
road2_high_medium_3,51.902181,29.401462,0.1571311953125,3.8124388390431725,0.17802610077092687,1.0455798679957933,0.8915170859193989,1.288447719125667,783.5660317623029,0.752901231611446
road2_low_high_1,NA,NA,NA,NA,NA,NA,NA,NA,NA,NA
road2_low_high_2,NA,NA,NA,NA,NA,NA,NA,NA,NA,NA
road2_low_high_3,NA,NA,NA,NA,NA,NA,NA,NA,NA,NA
road2_low_low_1,NA,NA,NA,NA,NA,NA,NA,NA,NA,NA
road2_low_low_2,NA,NA,NA,NA,NA,NA,NA,NA,NA,NA
road2_low_low_3,NA,NA,NA,NA,NA,NA,NA,NA,NA,NA
road2_low_medium_1,71.319352,37.98408,0.15630340625,0.3998965685665243,0.028239299636353483,0.15530501401313676,0.1445709828368377,0.1743025321315306,21.51001187688399,0.07913106425319111
road2_low_medium_2,73.054566,37.081871,0.1561470029296875,0.39549655007701257,0.013400645931620637,0.13750304142223102,0.11872917263329097,0.1558000132826335,17.18574005031909,0.07325679312190092
road2_low_medium_3,73.441323,36.88659,0.156005859375,0.4034857357301196,0.006472696649081864,0.13119248304493805,0.11833473999881416,0.1478258218455643,15.471551311856096,0.06812492933442325
road2_medium_high_1,64.607136,46.945279,0.17676544140625,2.3025469213788696,0.033033590781523146,0.6334429534132491,0.5672940595337211,0.7333671413029978,411.9757607802854,0.36956378165890613
road2_medium_high_2,65.783795,46.10558,0.1756172177734375,2.7842813711255907,0.06920683744963384,0.6724284366530343,0.5866824402434827,0.7901890502387544,478.2894310997942,0.41501654508896535
road2_medium_high_3,65.28402,46.458536,0.1756134033203125,2.541405795798936,0.03539989542388177,0.6610807723427591,0.5994665155392085,0.7636058128418028,446.64987945283553,0.3821858838896219
road2_medium_low_1,56.646542,53.048251,0.156036376953125,97.74413998250881,9.731526672489982,64.63595531759482,68.58421007562757,67.24016821930779,3472312.490619502,18.531958945095244
road2_medium_low_2,54.252102,55.389558,0.159080505859375,19.332480482661733,4.8193653305526105,9.286956521404653,7.850424122648215,10.039181243837628,77403.0029158051,3.8128202968617355
road2_medium_low_3,54.183094,55.460103,0.1591339111328125,24.309187371061658,5.935685220419832,10.597858587717653,8.495063007829065,11.584151398555871,103059.88886374191,4.6773878371804
road2_medium_medium_1,60.990723,48.712326,0.161712646484375,2.336683429179686,0.05908029321164172,0.5228607098453452,0.3796150853947338,0.675544033477703,347.2897630283334,0.42775743040576814
road2_medium_medium_2,62.381116,47.626592,0.1610641484375,2.4471707678620613,0.13632497517047207,0.6204039754888184,0.4687891484360153,0.7680789165767278,448.9483140102464,0.4528179869300131
road2_medium_medium_3,62.204655,47.761699,0.16073226953125,2.021394479152574,0.03885414534095741,0.49115587883660045,0.3666433801550965,0.6177364786519562,290.3963497206196,0.3746521850217417
roundabout25fps_1,75.607735,43.051151,0.15948486328125,1.376223881689252,0.23482026028809394,0.5892284713392015,0.5351095079845284,0.6324867154128653,326.0321478166102,0.22988965556767132
roundabout25fps_2,78.553693,41.436626,0.1571578984375,1.3913947018900796,0.20458933145972216,0.5858862707361127,0.5282234961910878,0.6323400221216877,325.8809314151381,0.2378890105485896
roundabout25fps_3,77.706235,41.88853,0.1565666201171875,1.3961849041319105,0.23743633311505377,0.5931710295288566,0.5390718543576447,0.6364935391186969,330.17608065197294,0.2308076148386801
roundabout2_high_high_1,56.688196,18.751699,0.1519355771484375,44.957027854288,0.38547154121563487,21.56856325294779,21.55792247576128,24.082404707166756,219805.68004583186,10.71257651937001
roundabout2_high_high_2,51.35209,20.700229,0.162349701171875,29.391338203629594,1.0980869534908924,9.434129670114828,8.35425010289027,11.136740634123807,47006.22994971111,5.918123800597908
roundabout2_high_high_3,64.078705,16.588974,0.1527214052734375,40.16354977733235,0.5358519428914431,21.31630262957777,21.348285033800856,23.4731488917482,208824.72446089413,9.828731408398326
roundabout2_high_low_1,40.902908,25.915028,0.157962798828125,5.261037684589378,0.9015300879999734,2.578664091562826,2.3949852718062576,2.677092487386191,2716.2263665014216,0.7192466120212496
roundabout2_high_low_2,41.901453,25.297452,0.156158447265625,5.340157037992269,0.7441853943523938,2.5888905930402926,2.376694966882749,2.6871122654432416,2736.5969119691977,0.7198734780244294
roundabout2_high_low_3,41.743956,25.392898,0.1561393740234375,5.271911355286766,0.6851483654928805,2.5479289272776158,2.3555465696862847,2.6507512968775795,2663.036843963406,0.7311228483915057
roundabout2_high_medium_1,47.729736,21.852206,0.1573295595703125,4.900426974550806,0.792162037010725,2.6326442387636324,2.515422954781639,2.728009873935035,2790.7642021076426,0.7149980310404371
roundabout2_high_medium_2,48.110151,21.679416,0.157318115234375,4.8650578415628685,0.7319076083332205,2.6186852768943796,2.4977292341205355,2.7126151751082834,2759.3554080854037,0.707649990323148
roundabout2_high_medium_3,48.111644,21.678744,0.1564521787109375,4.901802504891949,0.6444906015128161,2.5553532363505855,2.432403221884816,2.6618875846476544,2657.1170674879963,0.7455302480610098
roundabout2_low_high_1,75.4248,35.412755,0.158668517578125,1.0854117800374645,0.29569454435155845,0.6608697910497509,0.6625618045136116,0.6719935954800094,315.19962387157307,0.12176416403855946
roundabout2_low_high_2,77.77131,34.344284,0.1576347353515625,1.1027392572133916,0.23321438136922382,0.6646891578440954,0.6658231530877852,0.677302887073999,320.1999621854644,0.13010581955962344
roundabout2_low_high_3,77.663169,34.392107,0.15746307421875,1.099053692426274,0.2072289501895715,0.6892799645543859,0.6964436639832761,0.7007255097976527,342.72933557666386,0.1261323532844959
roundabout2_low_low_1,NA,NA,NA,NA,NA,NA,NA,NA,NA,NA
roundabout2_low_low_2,NA,NA,NA,NA,NA,NA,NA,NA,NA,NA
roundabout2_low_low_3,NA,NA,NA,NA,NA,NA,NA,NA,NA,NA
roundabout2_low_medium_1,NA,NA,NA,NA,NA,NA,NA,NA,NA,NA
roundabout2_low_medium_2,NA,NA,NA,NA,NA,NA,NA,NA,NA,NA
roundabout2_low_medium_3,NA,NA,NA,NA,NA,NA,NA,NA,NA,NA
roundabout2_medium_high_1,67.154286,28.933373,0.1570587158203125,2.192807278848297,0.14411130821809517,1.277894765572945,1.2364598431096687,1.3320838126962966,984.8182426463637,0.3760747959765065
roundabout2_medium_high_2,68.008947,28.56977,0.1563529970703125,2.184693930805742,0.21396068974247817,1.2841557733970075,1.2430561820716444,1.3370964021282745,992.2438676643287,0.372519446788365
roundabout2_medium_high_3,68.509691,28.360951,0.156280517578125,2.2491772453111585,0.21829147910801663,1.3061262332195251,1.2572325577199823,1.3562350528614673,1020.8523028286317,0.36525029980264423
roundabout2_medium_low_1,55.734209,36.745834,0.15542983984375,2.2066051067881443,0.15662243558016367,1.1280938162285503,1.1557946019983665,1.2095141883179004,842.6445533235701,0.43626702090487607
roundabout2_medium_low_2,56.374893,36.328228,0.156150818359375,2.276135465243666,0.12399925434986808,1.1171128880899526,1.1446454477431665,1.206067327571023,837.8486776133622,0.4545956377899312
roundabout2_medium_low_3,56.737948,36.095771,0.157958984375,2.277041554152869,0.15788462647185145,1.0901810397542218,1.140883377590514,1.1849258655790131,808.732400784868,0.46427858821894535
roundabout_square25fps_1,70.339764,35.968275,0.157989501953125,0.8444531559467249,0.018226632079036284,0.3069690752153609,0.27913956888819075,0.3482278468428362,81.24596432225451,0.16441599733062434
roundabout_square25fps_2,70.36996,35.952841,0.15792465234375,0.7979410137771228,0.011681146172545745,0.30070179833431065,0.27793339177998155,0.3418616472132417,78.3024885096851,0.16262783991021482
roundabout_square25fps_3,70.510918,35.880968,0.1584320068359375,0.8103207967908113,0.0164002890616477,0.30681635622253894,0.28665715497681177,0.3466695379165287,80.52044490790391,0.16137996180933883
