configuration_id,subset,statistic,unit,value_gib,memory_type,table_display_marker,table_display_value,table_metric_name,color_ranking_enabled,PeakReservedGiB,finite_runs,retained_runs,finite_sequences,observed_sequences,aggregation,memory_available,paper_eligible,status,reason,footnote,source_csv,source_sha256
DPVO::mono,condition_labelled,peak_reserved,GiB,2.6029833181818183,GPU_RESERVED,,2.6030,Peak Memory (GiB),False,2.6029833181818183,132,132,44,44,序列内有限内存记录均值，再对序列等权；不按 RMSE/SR 筛选,True,True,available,GPU peak_reserved 来源与单位已核实；个别缺失记录仍不可用,* 表示 CPU 峰值常驻内存（peak RSS）；未标 * 的数值表示 GPU peak_reserved。二者属于不同内存类型，不进行跨类型排名。,DPVO/mono_metrics.csv,d4e87ea7ae826d5911f4f945e359b39d5ea214cdd5579e94200c8875c95c4f79
DROID-SLAM::mono,condition_labelled,peak_reserved,GiB,14.147728215903044,GPU_RESERVED,,14.1477,Peak Memory (GiB),False,14.147728215903044,132,132,44,44,序列内有限内存记录均值，再对序列等权；不按 RMSE/SR 筛选,True,True,available,GPU peak_reserved 来源与单位已核实；个别缺失记录仍不可用,* 表示 CPU 峰值常驻内存（peak RSS）；未标 * 的数值表示 GPU peak_reserved。二者属于不同内存类型，不进行跨类型排名。,DROID-SLAM/mono_metrics.csv,d91bf5549b82cb39091b2f76e3c5c4bcfbf88f7a00e2bf40228cdfbf0f536110
DROID-SLAM::rgbd,condition_labelled,peak_reserved,GiB,14.073686801235784,GPU_RESERVED,,14.0737,Peak Memory (GiB),False,14.073686801235784,132,132,44,44,序列内有限内存记录均值，再对序列等权；不按 RMSE/SR 筛选,True,True,available,GPU peak_reserved 来源与单位已核实；个别缺失记录仍不可用,* 表示 CPU 峰值常驻内存（peak RSS）；未标 * 的数值表示 GPU peak_reserved。二者属于不同内存类型，不进行跨类型排名。,DROID-SLAM/rgbd_metrics.csv,2ad9d6eab81a9b3ef21f4c31c5b7da46372f8b6852f4f73f30ba8746085c8c6c
DSO::mono,condition_labelled,peak_rss,GiB,0.15754288896818242,CPU_RSS,*,0.1575*,Peak Memory (GiB),False,,116,132,39,44,序列内有限内存记录均值，再对序列等权；不按 RMSE/SR 筛选,True,True,available,现有保留测量为 CPU peak RSS，带 * 展示；不推断算法是否使用 GPU,* 表示 CPU 峰值常驻内存（peak RSS）；未标 * 的数值表示 GPU peak_reserved。二者属于不同内存类型，不进行跨类型排名。,DSO/mono_metrics.csv,eb255cc15d79d512b7413f5770af0506243ab66b10eeec1dd885297aecbb5a7b
ElasticFusion::rgbd,condition_labelled,peak_rss,GiB,1.5803384528882576,CPU_RSS,*,1.5803*,Peak Memory (GiB),False,,132,132,44,44,序列内有限内存记录均值，再对序列等权；不按 RMSE/SR 筛选,True,True,available,现有保留测量为 CPU peak RSS，带 * 展示；不推断算法是否使用 GPU,* 表示 CPU 峰值常驻内存（peak RSS）；未标 * 的数值表示 GPU peak_reserved。二者属于不同内存类型，不进行跨类型排名。,ElasticFusion/rgbd_metrics.csv,8a84b2ca31e60d3eba521968eb703ac9f2c27034d724f48fd451f7ff9f726687
MASt3R-SLAM::mono_calib,condition_labelled,peak_reserved,GiB,19.82,GPU_RESERVED,,19.8200,Peak Memory (GiB),False,19.82,132,132,44,44,序列内有限内存记录均值，再对序列等权；不按 RMSE/SR 筛选,True,True,available,GPU peak_reserved 来源与单位已核实；个别缺失记录仍不可用,* 表示 CPU 峰值常驻内存（peak RSS）；未标 * 的数值表示 GPU peak_reserved。二者属于不同内存类型，不进行跨类型排名。,MASt3R-SLAM/calib_metrics.csv,ab526566f497eb6d438d6a5e6460118a69355c75b75c5fc69ab3a3e17e41a207
MASt3R-SLAM::mono_nocalib,condition_labelled,peak_reserved,GiB,19.82,GPU_RESERVED,,19.8200,Peak Memory (GiB),False,19.82,132,132,44,44,序列内有限内存记录均值，再对序列等权；不按 RMSE/SR 筛选,True,True,available,GPU peak_reserved 来源与单位已核实；个别缺失记录仍不可用,* 表示 CPU 峰值常驻内存（peak RSS）；未标 * 的数值表示 GPU peak_reserved。二者属于不同内存类型，不进行跨类型排名。,MASt3R-SLAM/nocalib_metrics.csv,796f21f05c40df47c8bfd3ce9efd3fe044caa5e93f19e0b4bb15f7be859389e8
MongGS::mono,condition_labelled,peak_reserved,GiB,1.773939393939394,GPU_RESERVED,,1.7739,Peak Memory (GiB),False,1.773939393939394,130,132,44,44,序列内有限内存记录均值，再对序列等权；不按 RMSE/SR 筛选,True,True,available,GPU peak_reserved 来源与单位已核实；个别缺失记录仍不可用,* 表示 CPU 峰值常驻内存（peak RSS）；未标 * 的数值表示 GPU peak_reserved。二者属于不同内存类型，不进行跨类型排名。,MongGS/mono_metrics.csv,df8c5ac05e8762e0c92a4f70154a52b38100091af78ba065dd7c0c4df8e520d4
ORB-SLAM2::mono,condition_labelled,peak_rss,GiB,0.5637516508556548,CPU_RSS,*,0.5638*,Peak Memory (GiB),False,,126,132,42,44,序列内有限内存记录均值，再对序列等权；不按 RMSE/SR 筛选,True,True,available,现有保留测量为 CPU peak RSS，带 * 展示；不推断算法是否使用 GPU,* 表示 CPU 峰值常驻内存（peak RSS）；未标 * 的数值表示 GPU peak_reserved。二者属于不同内存类型，不进行跨类型排名。,ORB-SLAM2/mono_metrics.csv,5d512a3463f0f683727d6bd76d12df2810a7473232052609b8bb006139df7945
ORB-SLAM2::rgbd,condition_labelled,peak_rss,GiB,0.6921837861032197,CPU_RSS,*,0.6922*,Peak Memory (GiB),False,,132,132,44,44,序列内有限内存记录均值，再对序列等权；不按 RMSE/SR 筛选,True,True,available,现有保留测量为 CPU peak RSS，带 * 展示；不推断算法是否使用 GPU,* 表示 CPU 峰值常驻内存（peak RSS）；未标 * 的数值表示 GPU peak_reserved。二者属于不同内存类型，不进行跨类型排名。,ORB-SLAM2/rgbd_metrics.csv,dd62d8757b63f7f8624a1b2ab55f7894972e07afdafacba03ba956fef054f610
ORB-SLAM3::mono,condition_labelled,peak_rss,GiB,0.8727846087831439,CPU_RSS,*,0.8728*,Peak Memory (GiB),False,,125,132,44,44,序列内有限内存记录均值，再对序列等权；不按 RMSE/SR 筛选,True,True,available,现有保留测量为 CPU peak RSS，带 * 展示；不推断算法是否使用 GPU,* 表示 CPU 峰值常驻内存（peak RSS）；未标 * 的数值表示 GPU peak_reserved。二者属于不同内存类型，不进行跨类型排名。,ORB-SLAM3/mono_metrics.csv,07b1f98b660bed6ed693f4754c6ce93358cc30da8cfcbbc728afd00d7f57a437
ORB-SLAM3::rgbd,condition_labelled,peak_rss,GiB,0.8342830033735795,CPU_RSS,*,0.8343*,Peak Memory (GiB),False,,126,132,44,44,序列内有限内存记录均值，再对序列等权；不按 RMSE/SR 筛选,True,True,available,现有保留测量为 CPU peak RSS，带 * 展示；不推断算法是否使用 GPU,* 表示 CPU 峰值常驻内存（peak RSS）；未标 * 的数值表示 GPU peak_reserved。二者属于不同内存类型，不进行跨类型排名。,ORB-SLAM3/rgbd_metrics.csv,50f9515e658451d1bb92f9e985aa18002ff17d5815565117fc222c42d51ba642
Photo-slam::mono,condition_labelled,peak_reserved,GiB,4.523429929748062,GPU_RESERVED,,4.5234,Peak Memory (GiB),False,4.523429929748062,116,132,43,44,序列内有限内存记录均值，再对序列等权；不按 RMSE/SR 筛选,True,True,available,GPU peak_reserved 来源与单位已核实；个别缺失记录仍不可用,* 表示 CPU 峰值常驻内存（peak RSS）；未标 * 的数值表示 GPU peak_reserved。二者属于不同内存类型，不进行跨类型排名。,Photo-slam/mono_metrics.csv,b13b57748590a5eb073c0315bf31660598e195804dffcd229da5622e577cf2a5
Photo-slam::rgbd,condition_labelled,peak_reserved,GiB,3.719045928030303,GPU_RESERVED,,3.7190,Peak Memory (GiB),False,3.719045928030303,130,132,44,44,序列内有限内存记录均值，再对序列等权；不按 RMSE/SR 筛选,True,True,available,GPU peak_reserved 来源与单位已核实；个别缺失记录仍不可用,* 表示 CPU 峰值常驻内存（peak RSS）；未标 * 的数值表示 GPU peak_reserved。二者属于不同内存类型，不进行跨类型排名。,Photo-slam/rgbd_metrics.csv,abb463eb9b1f10db9fb4887c141467c709d2158323bbd8f7b9645d47b5139f52
SGS-SLAM::semantic,condition_labelled,peak_reserved,GiB,8.601519918699188,GPU_RESERVED,,--,Peak Memory (GiB),False,,113,132,41,44,序列内有限内存记录均值，再对序列等权；不按 RMSE/SR 筛选,True,False,excluded_from_paper,SGS 的内存已核实；独立的 Accuracy 论文排除规则仍生效,* 表示 CPU 峰值常驻内存（peak RSS）；未标 * 的数值表示 GPU peak_reserved。二者属于不同内存类型，不进行跨类型排名。,SGS-SLAM/semantic_metrics.csv,6498bd97b30c9e36a45a09a5e04808b2f1332f5af6570106b45389fa536ec198
SLAM3R::mono,condition_labelled,peak_reserved,GiB,28.625582203720555,GPU_RESERVED,,28.6256,Peak Memory (GiB),False,28.625582203720555,132,132,44,44,序列内有限内存记录均值，再对序列等权；不按 RMSE/SR 筛选,True,True,available,GPU peak_reserved 来源与单位已核实；个别缺失记录仍不可用,* 表示 CPU 峰值常驻内存（peak RSS）；未标 * 的数值表示 GPU peak_reserved。二者属于不同内存类型，不进行跨类型排名。,SLAM3R/mono_metrics.csv,2ca4a530a25e14a92e2e76e4fe4f4fa2900cafe9b9fbfad7ddb3b0b8217f1cd2
SVO::mono,condition_labelled,peak_rss,GiB,0.1890229600571141,CPU_RSS,*,0.1890*,Peak Memory (GiB),False,,132,132,44,44,序列内有限内存记录均值，再对序列等权；不按 RMSE/SR 筛选,True,True,available,现有保留测量为 CPU peak RSS，带 * 展示；不推断算法是否使用 GPU,* 表示 CPU 峰值常驻内存（peak RSS）；未标 * 的数值表示 GPU peak_reserved。二者属于不同内存类型，不进行跨类型排名。,SVO/mono_metrics.csv,b238d712be3b0b459f4dfd3f474c6c23a0fd72c29a40dfb957e392bb5b5779a3
SplaTAM::rgbd,condition_labelled,peak_reserved,GiB,4.422905815972222,GPU_RESERVED,,4.4229,Peak Memory (GiB),False,4.422905815972222,99,132,36,44,序列内有限内存记录均值，再对序列等权；不按 RMSE/SR 筛选,True,True,available,GPU peak_reserved 来源与单位已核实；个别缺失记录仍不可用,* 表示 CPU 峰值常驻内存（peak RSS）；未标 * 的数值表示 GPU peak_reserved。二者属于不同内存类型，不进行跨类型排名。,SplaTAM/rgbd_metrics.csv,337a4d462b9d238681be52284017b3e3ef445130303911de1cc1601a6d9c8f7b
TartanVO::mono,condition_labelled,peak_reserved,GiB,0.324219,GPU_RESERVED,,0.3242,Peak Memory (GiB),False,0.324219,132,132,44,44,序列内有限内存记录均值，再对序列等权；不按 RMSE/SR 筛选,True,True,available,GPU peak_reserved 来源与单位已核实；个别缺失记录仍不可用,* 表示 CPU 峰值常驻内存（peak RSS）；未标 * 的数值表示 GPU peak_reserved。二者属于不同内存类型，不进行跨类型排名。,TartanVO/mono_metrics.csv,4bc27d72ed2d026d90ea3ccd9df09b418a721363b26e22c60a4b707bd257e960
VGGT-LONG::mono,condition_labelled,peak_reserved,GiB,24.25301818181818,GPU_RESERVED,,24.2530,Peak Memory (GiB),False,24.25301818181818,132,132,44,44,序列内有限内存记录均值，再对序列等权；不按 RMSE/SR 筛选,True,True,available,GPU peak_reserved 来源与单位已核实；个别缺失记录仍不可用,* 表示 CPU 峰值常驻内存（peak RSS）；未标 * 的数值表示 GPU peak_reserved。二者属于不同内存类型，不进行跨类型排名。,VGGT-LONG/mono_metrics.csv,943cf6251fd1cbbec9a794e75dbb571ae30e6013b761f0fc5ba34241c89f87a3
VGGT-SLAM::mono,condition_labelled,peak_reserved,GiB,17.002285714285716,GPU_RESERVED,,17.0023,Peak Memory (GiB),False,17.002285714285716,90,132,35,44,序列内有限内存记录均值，再对序列等权；不按 RMSE/SR 筛选,True,True,available,GPU peak_reserved 来源与单位已核实；个别缺失记录仍不可用,* 表示 CPU 峰值常驻内存（peak RSS）；未标 * 的数值表示 GPU peak_reserved。二者属于不同内存类型，不进行跨类型排名。,VGGT-SLAM/mono_metrics.csv,ecc392cc961ae6f7496ea9f98fb0fdb15cd23b7a1565dc365b6f91d85304e9a2
hierslam::rgbd_500,condition_labelled,peak_reserved,GiB,1.4954575047348484,GPU_RESERVED,,1.4955,Peak Memory (GiB),False,1.4954575047348484,132,132,44,44,序列内有限内存记录均值，再对序列等权；不按 RMSE/SR 筛选,True,True,available,GPU peak_reserved 来源与单位已核实；个别缺失记录仍不可用,* 表示 CPU 峰值常驻内存（peak RSS）；未标 * 的数值表示 GPU peak_reserved。二者属于不同内存类型，不进行跨类型排名。,hierslam/rgbd_metrics_500frames.csv,112737eaa52984001847139dc020883b775ad12ac9fc469cc073e85d19d5d187
hierslam::rgbd_whole,condition_labelled,peak_reserved,GiB,9.458340903585272,GPU_RESERVED,,9.4583,Peak Memory (GiB),False,9.458340903585272,123,132,43,44,序列内有限内存记录均值，再对序列等权；不按 RMSE/SR 筛选,True,True,available,GPU peak_reserved 来源与单位已核实；个别缺失记录仍不可用,* 表示 CPU 峰值常驻内存（peak RSS）；未标 * 的数值表示 GPU peak_reserved。二者属于不同内存类型，不进行跨类型排名。,hierslam/rgbd_whole_trajectory/rgbd_metrics.csv,06984c9ebce3532ced8aae8732359153964395e20179e8f515d183af54395ea3
hierslam::semantic_500,condition_labelled,peak_reserved,GiB,7.258085029069767,GPU_RESERVED,,7.2581,Peak Memory (GiB),False,7.258085029069767,123,132,43,44,序列内有限内存记录均值，再对序列等权；不按 RMSE/SR 筛选,True,True,available,GPU peak_reserved 来源与单位已核实；个别缺失记录仍不可用,* 表示 CPU 峰值常驻内存（peak RSS）；未标 * 的数值表示 GPU peak_reserved。二者属于不同内存类型，不进行跨类型排名。,hierslam/semantic_metrics_500frames.csv,a3eb79f430bd7df348832fbc4bc8068eca3f2a7811dd52aa67caecd020617b06
