Type,Algorithm,Metric,Building Mean,Building STD,Houses Mean,Houses STD,Pool Mean,Pool STD,Road Mean,Road STD,Roundabout Mean,Roundabout STD,Overall Mean,Overall STD
Learning-based,DROID-SLAM,ATE RMSE(m),0.369,0.198,0.685,1.244,7.048,4.509,0.648,0.828,0.362,0.319,1.823,1.420
Learning-based,DROID-SLAM,Peak VRAM(GB),14.858,0.844,15.329,1.182,14.578,0.789,14.660,0.725,14.403,0.072,14.765,0.723
Learning-based,DROID-SLAM,FPS,32.837,6.615,31.838,5.656,33.767,4.625,36.125,5.623,32.944,7.470,33.502,5.997
Learning-based,DROID-SLAM,SR,1.000,,1.000,,1.000,,1.000,,1.000,,1.000,
Traditional,ElasticFusion,ATE RMSE(m),23.332,10.599,22.285,12.046,41.423,15.433,27.542,12.356,13.045,3.239,25.525,10.735
Traditional,ElasticFusion,Peak VRAM(GB),1.585,0.005,1.583,0.006,1.579,0.012,1.576,0.012,1.579,0.009,1.580,0.009
Traditional,ElasticFusion,FPS,34.582,6.582,37.469,14.210,42.382,17.796,29.804,16.499,38.527,17.978,36.553,14.613
Traditional,ElasticFusion,SR,1.000,,1.000,,1.000,,1.000,,1.000,,1.000,
Traditional,ORB-SLAM2,ATE RMSE(m),25.585,14.543,22.195,17.341,14.943,16.549,44.727,20.181,18.152,9.313,25.121,15.585
Traditional,ORB-SLAM2,Peak VRAM(GB),0.819,0.310,0.628,0.162,0.425,0.078,0.934,0.554,0.591,0.333,0.680,0.287
Traditional,ORB-SLAM2,FPS,20.851,1.064,17.911,0.596,19.798,0.261,20.111,1.388,19.647,1.909,19.664,1.044
Traditional,ORB-SLAM2,SR,1.000,,1.000,,1.000,,1.000,,1.000,,1.000,
Traditional,ORB-SLAM3,ATE RMSE(m),12.159,15.742,0.274,0.155,7.769,8.658,22.304,22.837,2.430,6.685,8.987,10.816
Traditional,ORB-SLAM3,Peak VRAM(GB),3.309,0.615,3.495,0.461,3.068,0.071,2.983,0.121,2.971,0.077,3.165,0.269
Traditional,ORB-SLAM3,FPS,22.120,0.710,18.804,0.462,20.549,0.319,21.498,0.821,20.973,0.819,20.789,0.626
Traditional,ORB-SLAM3,SR,0.900,,1.000,,1.000,,0.867,,0.933,,0.940,
3DGS,Photo-slam,ATE RMSE(m),19.360,20.139,0.287,0.186,6.721,7.287,18.167,21.948,2.911,7.165,9.489,11.345
3DGS,Photo-slam,Peak VRAM(GB),4.966,1.625,3.103,1.149,4.189,1.655,3.502,1.771,2.029,1.181,3.558,1.476
3DGS,Photo-slam,FPS,20.055,0.747,17.509,0.482,18.886,0.281,19.695,0.978,19.243,0.937,19.078,0.685
3DGS,Photo-slam,SR,1.000,,1.000,,0.926,,1.000,,1.000,,0.985,
3DGS,SplaTAM,ATE RMSE(m),30.181,31.385,19.476,32.887,20.832,34.430,17.882,25.440,4.575,10.401,18.589,26.909
3DGS,SplaTAM,Peak VRAM(GB),6.121,3.013,4.426,1.179,4.899,3.871,3.795,1.143,3.831,0.696,4.614,1.980
3DGS,SplaTAM,FPS,0.161,0.042,0.162,0.027,0.177,0.028,0.169,0.032,0.137,0.029,0.161,0.032
3DGS,SplaTAM,SR,0.650,,1.000,,0.778,,0.700,,0.700,,0.766,
3DGS,hierslam,ATE RMSE(m),51.603,31.736,38.133,22.943,38.981,42.355,39.697,26.903,22.022,12.555,38.087,27.299
3DGS,hierslam,Peak VRAM(GB),10.734,7.859,6.541,6.168,8.246,8.207,9.560,7.426,9.380,6.833,8.892,7.298
3DGS,hierslam,FPS,1.742,0.956,2.117,0.710,2.386,1.001,1.896,1.065,1.455,0.970,1.919,0.940
3DGS,hierslam,SR,0.900,,0.889,,0.889,,0.900,,1.000,,0.916,
